,fasta_id,smiles,pred_log10[kcat(s^-1)],pred_log10[Km(mM)],pred_log10[kcat/Km(s^-1mM^-1)]
0,Q6WZB0_wild,C(CC(C(=O)O)N)CN=C(N)N,0.47882241010665894,0.08610321581363678,0.44202083349227905
1,Q6WZB0_wild,C(CON=C(N)N)C(C(=O)O)N,0.19406701624393463,0.37375277280807495,0.39876699447631836
2,Q6WZB0_wild,C(CCN=C(N)N)CC(C(=O)O)N,0.15249106287956238,-0.1472400277853012,0.4684723913669586
3,B2MWN0_wild,C(C(C(=O)O)N)S,0.8275986909866333,-0.4330957531929016,0.8983960151672363
4,C5AQP6_wild,C(C(C(=O)O)N)S,0.3919747769832611,-0.10648926347494125,0.4986422657966614
